Workbook

Sheet B-Piece Summary
B2: CONDUIT CMBS B-PIECE ORIGINAL BALANCES
B3: Source: Final prospectus (Form 424B2) for each transaction on SEC EDGAR; B-piece defined as the eligible horizontal residual interest (HRR) classes purchased by the third party purchaser at closing.
B5: Deal | C5: Prospectus Date | D5: Pool Balance ($) | E5: Retention Structure | F5: B-Piece Buyer | G5: B-Piece Classes | H5: Original B-Piece Balance ($) | I5: B-Piece % of Pool | J5: Purchase Price ($) | K5: Purchase Price (% of Par) | L5: Prospectus Link
B6: CD 2017-CD3 | C6: 2017-02-14 | D6: 1327484158 | E6: L-Shaped (VRR + HRR) | F6: KKR Real Estate Credit Opportunity Partners | G6: E, F, G | H6: =SUMIFS('Class Detail'!$D$5:$D$123,'Class Detail'!$B$5:$B$123,B6) | I6: =IFERROR(H6/D6,0) | J6: 43347451 | K6: =IFERROR(J6/H6,0) | L6: Final prospectus (424B2)
B7: CCUBS 2017-C1 | C7: 2017-11-30 | D7: 696746122 | E7: Horizontal | F7: KKR Real Estate Credit Opportunity Partners | G7: D-RR, E-RR, F-RR, G-RR, NR-RR | H7: =SUMIFS('Class Detail'!$D$5:$D$123,'Class Detail'!$B$5:$B$123,B7) | I7: =IFERROR(H7/D7,0) | J7: 35569494 | K7: =IFERROR(J7/H7,0) | L7: Final prospectus (424B2)
B8: CGCMT 2017-C4 | C8: 2017-10-31 | D8: 977059894 | E8: Horizontal | F8: KKR Real Estate Credit Opportunity Partners | G8: E-RR, F-RR, G-RR, H-RR, J-RR | H8: =SUMIFS('Class Detail'!$D$5:$D$123,'Class Detail'!$B$5:$B$123,B8) | I8: =IFERROR(H8/D8,0) | J8: 50142415 | K8: =IFERROR(J8/H8,0) | L8: Final prospectus (424B2)
B9: DBJPM 2017-C6 | C9: 2017-06-29 | D9: 1132400405 | E9: L-Shaped (VRR + HRR) | F9: KKR Real Estate Credit Opportunity Partners | G9: E-RR, F-RR, G-RR | H9: =SUMIFS('Class Detail'!$D$5:$D$123,'Class Detail'!$B$5:$B$123,B9) | I9: =IFERROR(H9/D9,0) | J9: 28683816 | K9: =IFERROR(J9/H9,0) | L9: Final prospectus (424B2)
B10: GSMS 2017-GS6 | C10: 2017-05-31 | D10: 959131421 | E10: L-Shaped (VRR + HRR) | F10: KKR Real Estate Credit Opportunity Partners | G10: E, F, G | H10: =SUMIFS('Class Detail'!$D$5:$D$123,'Class Detail'!$B$5:$B$123,B10) | I10: =IFERROR(H10/D10,0) | J10: 25197303 | K10: =IFERROR(J10/H10,0) | L10: Final prospectus (424B2)
B11: GSMS 2017-GS8 | C11: 2017-11-30 | D11: 1020392386 | E11: Horizontal | F11: KKR Real Estate Credit Opportunity Partners | G11: E-RR, F-RR, G-RR, H-RR | H11: =SUMIFS('Class Detail'!$D$5:$D$123,'Class Detail'!$B$5:$B$123,B11) | I11: =IFERROR(H11/D11,0) | J11: 52373515 | K11: =IFERROR(J11/H11,0) | L11: Final prospectus (424B2)
B12: JPMDB 2017-C7 | C12: 2017-10-31 | D12: 1105333296 | E12: L-Shaped (VRR + HRR) | F12: KKR Real Estate Credit Opportunity Partners | G12: E-RR, F-RR, G-RR | H12: =SUMIFS('Class Detail'!$D$5:$D$123,'Class Detail'!$B$5:$B$123,B12) | I12: =IFERROR(H12/D12,0) | J12: 26162797 | K12: =IFERROR(J12/H12,0) | L12: Final prospectus (424B2)
B13: LCCM 2017-LC26 | C13: n/a | E13: Vertical (Ladder, ~2%) + Horizontal (~3% FV) | F13: Third party purchaser (not disclosed) | G13: Not public: Rule 144A deal | L13: Ladder 8-K (Aug 2017)
B14: MSBAM 2017-C33 | C14: 2017-05-12 | D14: 702573982 | E14: L-Shaped (VRR + HRR) | F14: KKR Real Estate Credit Opportunity Partners | G14: E, F, G | H14: =SUMIFS('Class Detail'!$D$5:$D$123,'Class Detail'!$B$5:$B$123,B14) | I14: =IFERROR(H14/D14,0) | J14: 19989258 | K14: =IFERROR(J14/H14,0) | L14: Final prospectus (424B2)
B15: UBSCM 2017-C2 | C15: 2017-08-17 | D15: 898681592 | E15: Horizontal | F15: KKR Real Estate Credit Opportunity Partners | G15: D-RR, E-RR, F-RR, G-RR, H-RR, NR-RR | H15: =SUMIFS('Class Detail'!$D$5:$D$123,'Class Detail'!$B$5:$B$123,B15) | I15: =IFERROR(H15/D15,0) | J15: 46811027 | K15: =IFERROR(J15/H15,0) | L15: Final prospectus (424B2)
B16: UBSCM 2017-C3 | C16: 2017-08-31 | D16: 708626196 | E16: Horizontal | F16: KKR Real Estate Credit Opportunity Partners | G16: D-RR, E-RR, F-RR, G-RR, NR-RR | H16: =SUMIFS('Class Detail'!$D$5:$D$123,'Class Detail'!$B$5:$B$123,B16) | I16: =IFERROR(H16/D16,0) | J16: 38157487 | K16: =IFERROR(J16/H16,0) | L16: Final prospectus (424B2)
B17: UBSCM 2017-C5 | C17: 2017-11-16 | D17: 743403651 | E17: Horizontal | F17: KKR Real Estate Credit Opportunity Partners | G17: D-RR, E-RR, F-RR, G-RR, NR-RR | H17: =SUMIFS('Class Detail'!$D$5:$D$123,'Class Detail'!$B$5:$B$123,B17) | I17: =IFERROR(H17/D17,0) | J17: 38300901 | K17: =IFERROR(J17/H17,0) | L17: Final prospectus (424B2)
B18: BMARK 2018-B3 | C18: 2018-04-10 | D18: 1092537712 | E18: Horizontal | F18: KKR Real Estate Credit Opportunity Partners | G18: E-RR, F-RR, G-RR, H-RR, NR-RR | H18: =SUMIFS('Class Detail'!$D$5:$D$123,'Class Detail'!$B$5:$B$123,B18) | I18: =IFERROR(H18/D18,0) | J18: 55125852 | K18: =IFERROR(J18/H18,0) | L18: Final prospectus (424B2)
B19: BMARK 2018-B6 | C19: 2018-10-09 | D19: 1147029582 | E19: L-Shaped (VRR + HRR) | F19: KKR Real Estate Credit Opportunity Partners | G19: F-RR, G-RR, J-RR, NR-RR | H19: =SUMIFS('Class Detail'!$D$5:$D$123,'Class Detail'!$B$5:$B$123,B19) | I19: =IFERROR(H19/D19,0) | J19: 28797132 | K19: =IFERROR(J19/H19,0) | L19: Final prospectus (424B2)
B20: CGCMT 2018-C6 | C20: 2018-12-11 | D20: 736399174 | E20: Horizontal | F20: KKR Real Estate Credit Opportunity Partners | G20: E-RR, F-RR, G-RR, J-RR, K-RR, NR-RR | H20: =SUMIFS('Class Detail'!$D$5:$D$123,'Class Detail'!$B$5:$B$123,B20) | I20: =IFERROR(H20/D20,0) | J20: 38590822 | K20: =IFERROR(J20/H20,0) | L20: Final prospectus (424B2)
B21: MSC 2018-L1 | C21: 2018-10-23 | D21: 900598709 | E21: L-Shaped (VRR + HRR) | F21: KKR Real Estate Credit Opportunity Partners | G21: F-RR, G-RR, H-RR, J-RR | H21: =SUMIFS('Class Detail'!$D$5:$D$123,'Class Detail'!$B$5:$B$123,B21) | I21: =IFERROR(H21/D21,0) | J21: 24782457 | K21: =IFERROR(J21/H21,0) | L21: Final prospectus (424B2)
B22: UBSCM 2018-C12 | C22: 2018-08-28 | D22: 804938824 | E22: Horizontal | F22: KKR Real Estate Credit Opportunity Partners | G22: D-RR, E-RR, F-RR, G-RR, NR-RR | H22: =SUMIFS('Class Detail'!$D$5:$D$123,'Class Detail'!$B$5:$B$123,B22) | I22: =IFERROR(H22/D22,0) | J22: 41157452 | K22: =IFERROR(J22/H22,0) | L22: Final prospectus (424B2)
B23: UBSCM 2018-C13 | C23: 2018-10-11 | D23: 714880368 | E23: Horizontal | F23: KKR Real Estate Credit Opportunity Partners | G23: D-RR, E-RR, F-RR, G-RR, NR-RR | H23: =SUMIFS('Class Detail'!$D$5:$D$123,'Class Detail'!$B$5:$B$123,B23) | I23: =IFERROR(H23/D23,0) | J23: 36689696 | K23: =IFERROR(J23/H23,0) | L23: Final prospectus (424B2)
B24: UBSCM 2018-C15 | C24: 2018-12-28 | D24: 646477345 | E24: Horizontal | F24: KKR Real Estate Credit Opportunity Partners | G24: D-RR, E-RR, F-RR, G-RR, NR-RR | H24: =SUMIFS('Class Detail'!$D$5:$D$123,'Class Detail'!$B$5:$B$123,B24) | I24: =IFERROR(H24/D24,0) | J24: 33161211 | K24: =IFERROR(J24/H24,0) | L24: Final prospectus (424B2)
B25: UBSCM 2018-C8 | C25: 2018-02-27 | D25: 1045167892 | E25: Horizontal | F25: KKR Real Estate Credit Opportunity Partners | G25: D-RR, E-RR, F-RR, NR-RR | H25: =SUMIFS('Class Detail'!$D$5:$D$123,'Class Detail'!$B$5:$B$123,B25) | I25: =IFERROR(H25/D25,0) | J25: 53204082 | K25: =IFERROR(J25/H25,0) | L25: Final prospectus (424B2)
... B32: WFCM 2019-C49 | C32: 2019-03-05 | D32: 774228768 | E32: Horizontal | F32: KKR Real Estate Credit Opportunity Partners | G32: E-RR, F-RR, G-RR, H-RR, J-RR, K-RR | H32: =SUMIFS('Class Detail'!$D$5:$D$123,'Class Detail'!$B$5:$B$123,B32) | I32: =IFERROR(H32/D32,0) | J32: 40530203 | K32: =IFERROR(J32/H32,0) | L32: Final prospectus (424B2)
B33: Total / Wtd. Avg. | D33: =SUM(D6:D32) | H33: =SUM(H6:H32) | I33: =IFERROR(SUMIFS(H6:H32,D6:D32,">0")/D33,0) | J33: =SUM(J6:J32) | K33: =IFERROR(J33/H33,0)
B35: Notes:
B36: Original balances are the initial certificate balances of the HRR classes as stated in each final prospectus; class level detail is on the Class Detail tab.
B37: In L-shaped deals, the sponsors also retained a vertical (VRR) interest, so the HRR is sized to roughly 2.5% of fair value rather than 5.0%, and HRR balances exclude the VRR interest.
B38: Purchase price is the aggregate HRR purchase price or fair value at closing disclosed in the prospectus, excluding accrued interest.
B39: LCCM 2017-LC26 was a Rule 144A transaction not filed on EDGAR; Ladder's 8-K discloses a $625.7M trust with a ~2% retained vertical interest and a ~3% (fair value) horizontal interest sold to a third party purchaser, but no class balances.
B40: Excludes any non HRR classes (e.g., excess interest or Class S/V/Z certificates) the B-piece buyer may also have received.

Sheet Class Detail
B2: ORIGINAL B-PIECE (HRR) CLASS BALANCES BY DEAL
B4: Deal | C4: Class | D4: Original Balance ($) | E4: Source
B5: CD 2017-CD3 | C5: E | D5: 35812000 | E5: Final prospectus (424B2)
B6: CD 2017-CD3 | C6: F | D6: 14651000 | E6: Final prospectus (424B2)
B7: CD 2017-CD3 | C7: G | D7: 60229959 | E7: Final prospectus (424B2)
B8: CCUBS 2017-C1 | C8: D-RR | D8: 21007000 | E8: Final prospectus (424B2)
B9: CCUBS 2017-C1 | C9: E-RR | D9: 8709000 | E9: Final prospectus (424B2)
B10: CCUBS 2017-C1 | C10: F-RR | D10: 7838000 | E10: Final prospectus (424B2)
B11: CCUBS 2017-C1 | C11: G-RR | D11: 8710000 | E11: Final prospectus (424B2)
B12: CCUBS 2017-C1 | C12: NR-RR | D12: 26128121 | E12: Final prospectus (424B2)
B13: CGCMT 2017-C4 | C13: E-RR | D13: 21984000 | E13: Final prospectus (424B2)
B14: CGCMT 2017-C4 | C14: F-RR | D14: 12214000 | E14: Final prospectus (424B2)
B15: CGCMT 2017-C4 | C15: G-RR | D15: 12213000 | E15: Final prospectus (424B2)
B16: CGCMT 2017-C4 | C16: H-RR | D16: 9770000 | E16: Final prospectus (424B2)
... B123: WFCM 2019-C49 | C123: K-RR | D123: 24194767 | E123: Final prospectus (424B2)
